{
    "keep": {
        "days": true,
        "amount": 14
    },
    "auditLog": "E:\\learn-width-redwan\\learn-width-redwan-server\\logs\\winston\\successes\\.cf3275feadd81101c8b0571e2368fbb27d6fbf74-audit.json",
    "files": [
        {
            "date": 1710613269657,
            "name": "E:\\learn-width-redwan\\learn-width-redwan-server\\logs\\winston\\successes\\UMS-2024-17-03-00-success.log",
            "hash": "a104cd61c98df75e6e68cd638895a9110886d6ae85b79a8f6860d655e1e58a4c"
        },
        {
            "date": 1710615749466,
            "name": "E:\\learn-width-redwan\\learn-width-redwan-server\\logs\\winston\\successes\\UMS-2024-17-03-01-success.log",
            "hash": "69192a0a27b64d2c49e9b065b40ecc26716683efc63ab8fcf284d5d5dd807d34"
        },
        {
            "date": 1710656448611,
            "name": "E:\\learn-width-redwan\\learn-width-redwan-server\\logs\\winston\\successes\\UMS-2024-17-03-12-success.log",
            "hash": "5be4c024811310580f299512e1587e58aec7d2fdfe1465241461e96fb4732c39"
        },
        {
            "date": 1710662217177,
            "name": "E:\\learn-width-redwan\\learn-width-redwan-server\\logs\\winston\\successes\\UMS-2024-17-03-13-success.log",
            "hash": "23721c031f5c65b8e8f000f018ca84e8fa0278eed99e6867f29f098c45fd5d42"
        },
        {
            "date": 1710662414777,
            "name": "E:\\learn-width-redwan\\learn-width-redwan-server\\logs\\winston\\successes\\UMS-2024-17-03-14-success.log",
            "hash": "92757d8f941382a51000abebdbe161f08c7961ea5e37da6513e01fe8e734f3cd"
        },
        {
            "date": 1710666024982,
            "name": "E:\\learn-width-redwan\\learn-width-redwan-server\\logs\\winston\\successes\\UMS-2024-17-03-15-success.log",
            "hash": "fe32aa882647f7670974d4dcfebe17bd369ef348b856ba6694527dc1c8758f16"
        },
        {
            "date": 1710669662301,
            "name": "E:\\learn-width-redwan\\learn-width-redwan-server\\logs\\winston\\successes\\UMS-2024-17-03-16-success.log",
            "hash": "73f45ed58ddd5d2ff6defba2afeac701a8cdce559b18994218ddd7130be6149e"
        },
        {
            "date": 1710673336885,
            "name": "E:\\learn-width-redwan\\learn-width-redwan-server\\logs\\winston\\successes\\UMS-2024-17-03-17-success.log",
            "hash": "29b2b7d9d054817a359c867e1d37c0e40619328bf04daf2c205a927a75a3b7f5"
        },
        {
            "date": 1710697216155,
            "name": "E:\\learn-width-redwan\\learn-width-redwan-server\\logs\\winston\\successes\\UMS-2024-17-03-23-success.log",
            "hash": "70631c77e2a53549fb7011fa543feff93b802c5feb17f70ac4e23fc65cc9df03"
        },
        {
            "date": 1710698431165,
            "name": "E:\\learn-width-redwan\\learn-width-redwan-server\\logs\\winston\\successes\\UMS-2024-18-03-00-success.log",
            "hash": "c845106e5d5b9dbd8ac044004dee2f011b28d72faa7c1ad4684ca61545c2f127"
        },
        {
            "date": 1710711976841,
            "name": "E:\\learn-width-redwan\\learn-width-redwan-server\\logs\\winston\\successes\\UMS-2024-18-03-03-success.log",
            "hash": "f625f49b3c84b209c503b4a49e8aa33d42e7e461c4e24389b37740b52c9e64df"
        },
        {
            "date": 1710713220029,
            "name": "E:\\learn-width-redwan\\learn-width-redwan-server\\logs\\winston\\successes\\UMS-2024-18-03-04-success.log",
            "hash": "e1ae8710dbc640c5ea7981f6eff558f84a997aefaf477126e4c4193f4c3fb9a8"
        },
        {
            "date": 1710717010928,
            "name": "E:\\learn-width-redwan\\learn-width-redwan-server\\logs\\winston\\successes\\UMS-2024-18-03-05-success.log",
            "hash": "7836e8311100d05f3742cf8b0548ddf6303068b6812f1ed934ae11e1e7bf8a3d"
        },
        {
            "date": 1710720147590,
            "name": "E:\\learn-width-redwan\\learn-width-redwan-server\\logs\\winston\\successes\\UMS-2024-18-03-06-success.log",
            "hash": "1bc775f89ab8f7944a7b05eeaed38d4150e68340268699d6d499867a77d818c4"
        },
        {
            "date": 1710755303031,
            "name": "E:\\learn-width-redwan\\learn-width-redwan-server\\logs\\winston\\successes\\UMS-2024-18-03-15-success.log",
            "hash": "bafa66672174cc6368bdf9bc107038dfa6a20b81cd10632e0300eeea2a412300"
        },
        {
            "date": 1710758109833,
            "name": "E:\\learn-width-redwan\\learn-width-redwan-server\\logs\\winston\\successes\\UMS-2024-18-03-16-success.log",
            "hash": "500b7ef426eb329563709ca15b1548de295c67b0418915d61cba6b0273a8b0cd"
        },
        {
            "date": 1710759759266,
            "name": "E:\\learn-width-redwan\\learn-width-redwan-server\\logs\\winston\\successes\\UMS-2024-18-03-17-success.log",
            "hash": "8d396e94bba73638cffb5c463cab1c944a3924850b438eb8f4ef8c2cdbabcea8"
        },
        {
            "date": 1710785480819,
            "name": "E:\\learn-width-redwan\\learn-width-redwan-server\\logs\\winston\\successes\\UMS-2024-19-03-00-success.log",
            "hash": "05ca9a7f908ce65becb5828a6219d3e3803ca6332c6b6561d3514f8b1f207488"
        },
        {
            "date": 1710788487539,
            "name": "E:\\learn-width-redwan\\learn-width-redwan-server\\logs\\winston\\successes\\UMS-2024-19-03-01-success.log",
            "hash": "61f80e56b38436b77bb50dfefea507850d069a205f3ddd604e1efe7befcf576f"
        },
        {
            "date": 1710800852842,
            "name": "E:\\learn-width-redwan\\learn-width-redwan-server\\logs\\winston\\successes\\UMS-2024-19-03-04-success.log",
            "hash": "ace41a37831aacc3be93674c606e75849eb6f3def4f5ecd3a61c472dbf16d121"
        },
        {
            "date": 1710802847724,
            "name": "E:\\learn-width-redwan\\learn-width-redwan-server\\logs\\winston\\successes\\UMS-2024-19-03-05-success.log",
            "hash": "7f69ce016d5655c17f6fc606bd01ef78c38e14e0d74fde1597d10fc9664d03bf"
        },
        {
            "date": 1710829672732,
            "name": "E:\\learn-width-redwan\\learn-width-redwan-server\\logs\\winston\\successes\\UMS-2024-19-03-12-success.log",
            "hash": "dc3a05d9dcd1ec5a226c19c8dab2bf5a1911cde9252fd03400ba37f812cce7a7"
        },
        {
            "date": 1710832164605,
            "name": "E:\\learn-width-redwan\\learn-width-redwan-server\\logs\\winston\\successes\\UMS-2024-19-03-13-success.log",
            "hash": "74d0fecd6b6bffcd0e0149815a44615d03b3b441bc1416f02dfd522776ea2b2e"
        },
        {
            "date": 1710842608138,
            "name": "E:\\learn-width-redwan\\learn-width-redwan-server\\logs\\winston\\successes\\UMS-2024-19-03-16-success.log",
            "hash": "d72f07aa530324d21fd453a67f9f0978bfb9269f52224ba3ca89970cf2cd5b5d"
        },
        {
            "date": 1710872373894,
            "name": "E:\\learn-width-redwan\\learn-width-redwan-server\\logs\\winston\\successes\\UMS-2024-20-03-00-success.log",
            "hash": "ed34111c820856766250cc4da3a6f8e9c2f745267c1965676b40cf47695b2213"
        },
        {
            "date": 1710876224093,
            "name": "E:\\learn-width-redwan\\learn-width-redwan-server\\logs\\winston\\successes\\UMS-2024-20-03-01-success.log",
            "hash": "4e7b04f92cdb24a231d2767dbbe0c9bfc9dc7a2c014b123285ca3bd9810b9a5e"
        },
        {
            "date": 1710957376660,
            "name": "E:\\learn-width-redwan\\learn-width-redwan-server\\logs\\winston\\successes\\UMS-2024-20-03-23-success.log",
            "hash": "8b337275f4ade6c616da6904d2dad0164502e9006f14c3408d06f0f6bbd8b689"
        },
        {
            "date": 1710957893718,
            "name": "E:\\learn-width-redwan\\learn-width-redwan-server\\logs\\winston\\successes\\UMS-2024-21-03-00-success.log",
            "hash": "0fb3393a485ecd9e65daee994a3d7b8e338939bbadaf71e78f60d663acc28bc4"
        },
        {
            "date": 1710962228529,
            "name": "E:\\learn-width-redwan\\learn-width-redwan-server\\logs\\winston\\successes\\UMS-2024-21-03-01-success.log",
            "hash": "b8b9535588638799fba8f25c9b45beee46f93b659400d1c1c666a0e1e288074c"
        },
        {
            "date": 1710965023609,
            "name": "E:\\learn-width-redwan\\learn-width-redwan-server\\logs\\winston\\successes\\UMS-2024-21-03-02-success.log",
            "hash": "d1f89b4ed8874d1a5b698e05ae7d4e97a22dacb2f56e551759439a20b597b2b1"
        },
        {
            "date": 1711001593221,
            "name": "E:\\learn-width-redwan\\learn-width-redwan-server\\logs\\winston\\successes\\UMS-2024-21-03-12-success.log",
            "hash": "62f7720712dfedbf8342b30af1c3bf9e8b7b6f852dc3d7b2475569ee9e9e6d47"
        },
        {
            "date": 1711004604339,
            "name": "E:\\learn-width-redwan\\learn-width-redwan-server\\logs\\winston\\successes\\UMS-2024-21-03-13-success.log",
            "hash": "2ebaef9db462013632b234a300dcdf1e3c4452e8d07dd6710825fc0149ab938e"
        },
        {
            "date": 1711317254477,
            "name": "E:\\learn-width-redwan\\learn-width-redwan-server\\logs\\winston\\successes\\UMS-2024-25-03-03-success.log",
            "hash": "51f9d9a164c8562f3e631c5c9613b106b637f6c5155b0749eba4f1ad1bb6be1a"
        },
        {
            "date": 1711319045429,
            "name": "E:\\learn-width-redwan\\learn-width-redwan-server\\logs\\winston\\successes\\UMS-2024-25-03-04-success.log",
            "hash": "cfd82e1ff2eef65112d4ac71e419a770f3cf4a9ece18b0c2a30dc14c1e4716ea"
        },
        {
            "date": 1711321214509,
            "name": "E:\\learn-width-redwan\\learn-width-redwan-server\\logs\\winston\\successes\\UMS-2024-25-03-05-success.log",
            "hash": "5a0e6426c8a24484da4a3a314650f06d4f31dcde2da7b965e5eec3791e93c7db"
        },
        {
            "date": 1711325720855,
            "name": "E:\\learn-width-redwan\\learn-width-redwan-server\\logs\\winston\\successes\\UMS-2024-25-03-06-success.log",
            "hash": "9eedded988ce6a7af80785416f011e0ad7318ad808b4ea58e8c0fd39bbeb0f42"
        },
        {
            "date": 1711328522609,
            "name": "E:\\learn-width-redwan\\learn-width-redwan-server\\logs\\winston\\successes\\UMS-2024-25-03-07-success.log",
            "hash": "49f9a6a5a286c7414eaee6fd10e6f961a5f63ab93358b958d3795d32ab2dc943"
        },
        {
            "date": 1711407990663,
            "name": "E:\\learn-width-redwan\\learn-width-redwan-server\\logs\\winston\\successes\\UMS-2024-26-03-05-success.log",
            "hash": "11c23745a4c65731c255fe1901c6456f43efe8eaea810a20e2d8d11fbe861d3c"
        },
        {
            "date": 1711411402440,
            "name": "E:\\learn-width-redwan\\learn-width-redwan-server\\logs\\winston\\successes\\UMS-2024-26-03-06-success.log",
            "hash": "f09bdba751a081546a9a498d809658903e6d8f596e28e0142449ff97d0ee4b68"
        },
        {
            "date": 1711425122586,
            "name": "E:\\learn-width-redwan\\learn-width-redwan-server\\logs\\winston\\successes\\UMS-2024-26-03-09-success.log",
            "hash": "18709af1a209265303bc642d4230afcd8c1de5ad1a18dd1e0dc5032ea3571ced"
        },
        {
            "date": 1711425777944,
            "name": "E:\\learn-width-redwan\\learn-width-redwan-server\\logs\\winston\\successes\\UMS-2024-26-03-10-success.log",
            "hash": "b7fff4c1310b23e55e5228ff2d02ee4674783706cb3e239d21c0e99e87e7e04d"
        },
        {
            "date": 1711432342980,
            "name": "E:\\learn-width-redwan\\learn-width-redwan-server\\logs\\winston\\successes\\UMS-2024-26-03-11-success.log",
            "hash": "c2f9d1244de9ead2e41166ac580991553b739534fb7d4fc0e0690018f7c6af92"
        },
        {
            "date": 1711433496064,
            "name": "E:\\learn-width-redwan\\learn-width-redwan-server\\logs\\winston\\successes\\UMS-2024-26-03-12-success.log",
            "hash": "15644738525f41574a1f7a29ec441a524b4e205b99488bf8ab2f44113f2e2c96"
        },
        {
            "date": 1711440604986,
            "name": "E:\\learn-width-redwan\\learn-width-redwan-server\\logs\\winston\\successes\\UMS-2024-26-03-14-success.log",
            "hash": "58f5510105857db59cac3a9ede630237ff434e8130294ffe8b38b700fc78c43c"
        }
    ],
    "hashType": "sha256"
}