{
    "keep": {
        "days": true,
        "amount": 1
    },
    "auditLog": "E:\\learn-width-redwan\\learn-width-redwan-server\\logs\\winston\\errors\\.4ccff961fa5bfb0f244443f43eaaec4594bd8889-audit.json",
    "files": [
        {
            "date": 1711407990666,
            "name": "E:\\learn-width-redwan\\learn-width-redwan-server\\logs\\winston\\errors\\UMS-2024-26-03-05-error.log",
            "hash": "84a48aa63f5fe5866c5b426cc94bf703d87fcfeef9cc580fc0f647c95e5ba017"
        },
        {
            "date": 1711411402444,
            "name": "E:\\learn-width-redwan\\learn-width-redwan-server\\logs\\winston\\errors\\UMS-2024-26-03-06-error.log",
            "hash": "50330fad568cef41a221dbc89cdf63ee129e046312bf8006d1ec46d31d87c9dc"
        },
        {
            "date": 1711425122601,
            "name": "E:\\learn-width-redwan\\learn-width-redwan-server\\logs\\winston\\errors\\UMS-2024-26-03-09-error.log",
            "hash": "0b3a417e022f9651590d18b9d17bf9f0e602df4dc1efd1f1ebb264faabdfe2af"
        },
        {
            "date": 1711425777954,
            "name": "E:\\learn-width-redwan\\learn-width-redwan-server\\logs\\winston\\errors\\UMS-2024-26-03-10-error.log",
            "hash": "07a988eff2b6a49101918f78c32a9565170670dc14f7bd8d6366cb2244303b7c"
        },
        {
            "date": 1711432342990,
            "name": "E:\\learn-width-redwan\\learn-width-redwan-server\\logs\\winston\\errors\\UMS-2024-26-03-11-error.log",
            "hash": "d4ee04ebbd47fa8ee7a4f5eb82ca47b71c9894cf412852de4e034e0192f8f3d7"
        },
        {
            "date": 1711433496067,
            "name": "E:\\learn-width-redwan\\learn-width-redwan-server\\logs\\winston\\errors\\UMS-2024-26-03-12-error.log",
            "hash": "376039e03b5d43e13ed057f95949d36e74ca07ad3b181034c7201d03a2f6b8ba"
        },
        {
            "date": 1711440605005,
            "name": "E:\\learn-width-redwan\\learn-width-redwan-server\\logs\\winston\\errors\\UMS-2024-26-03-14-error.log",
            "hash": "2eccfdeef381b1f3c7489a87c3b11a9ee6815bbaf8f9b3d6e5b549c9b0a579d2"
        }
    ],
    "hashType": "sha256"
}